user_id,username,password_hash,role,hospital_id
1,admin,240be518fabd2724ddb6f04eeb1da5967448d7e831c08c8fa822809f74c720a9,Admin,
2,city_general_hospital_staff,10176e7b7b24d317acfcf8d2064cfd2f24e154f7b5a96603077d5ef813d6a6b6,Hospital Staff,1.0
3,st._jude_medical_center_staff,10176e7b7b24d317acfcf8d2064cfd2f24e154f7b5a96603077d5ef813d6a6b6,Hospital Staff,2.0
4,memorial_hospital_staff,10176e7b7b24d317acfcf8d2064cfd2f24e154f7b5a96603077d5ef813d6a6b6,Hospital Staff,3.0
5,regional_trauma_center_staff,10176e7b7b24d317acfcf8d2064cfd2f24e154f7b5a96603077d5ef813d6a6b6,Hospital Staff,4.0
6,valley_health_clinic_staff,10176e7b7b24d317acfcf8d2064cfd2f24e154f7b5a96603077d5ef813d6a6b6,Hospital Staff,5.0
7,metro_medical_staff,10176e7b7b24d317acfcf8d2064cfd2f24e154f7b5a96603077d5ef813d6a6b6,Hospital Staff,6.0
8,hope_childrens_hospital_staff,10176e7b7b24d317acfcf8d2064cfd2f24e154f7b5a96603077d5ef813d6a6b6,Hospital Staff,7.0
9,mercy_medical_center_staff,10176e7b7b24d317acfcf8d2064cfd2f24e154f7b5a96603077d5ef813d6a6b6,Hospital Staff,8.0
